{
  "/login-13" : {
    "transaction" : "/login-13",
    "sampleCount" : 100,
    "errorCount" : 5,
    "errorPct" : 5.0,
    "meanResTime" : 5397.98,
    "medianResTime" : 5229.0,
    "minResTime" : 1241.0,
    "maxResTime" : 8977.0,
    "pct1ResTime" : 8325.2,
    "pct2ResTime" : 8612.399999999998,
    "pct3ResTime" : 8975.88,
    "throughput" : 10.04217714400482,
    "receivedKBytesPerSec" : 14.696490886724241,
    "sentKBytesPerSec" : 3.4519983932516567
  },
  "Test/products" : {
    "transaction" : "Test/products",
    "sampleCount" : 100,
    "errorCount" : 79,
    "errorPct" : 79.0,
    "meanResTime" : 2258.5099999999998,
    "medianResTime" : 2254.5,
    "minResTime" : 148.0,
    "maxResTime" : 6705.0,
    "pct1ResTime" : 3486.5000000000055,
    "pct2ResTime" : 5965.899999999993,
    "pct3ResTime" : 6702.969999999999,
    "throughput" : 9.033423667570009,
    "receivedKBytesPerSec" : 10.736276959123758,
    "sentKBytesPerSec" : 4.984262082204156
  },
  "Total" : {
    "transaction" : "Total",
    "sampleCount" : 300,
    "errorCount" : 155,
    "errorPct" : 51.666668,
    "meanResTime" : 6063.666666666672,
    "medianResTime" : 5575.5,
    "minResTime" : 148.0,
    "maxResTime" : 18039.0,
    "pct1ResTime" : 10302.5,
    "pct2ResTime" : 15804.75,
    "pct3ResTime" : 17752.900000000005,
    "throughput" : 14.181044670290712,
    "receivedKBytesPerSec" : 18.563412166154574,
    "sentKBytesPerSec" : 9.901803651619002
  },
  "/orders-14" : {
    "transaction" : "/orders-14",
    "sampleCount" : 100,
    "errorCount" : 71,
    "errorPct" : 71.0,
    "meanResTime" : 10534.510000000004,
    "medianResTime" : 9333.0,
    "minResTime" : 6818.0,
    "maxResTime" : 18039.0,
    "pct1ResTime" : 16291.0,
    "pct2ResTime" : 17177.149999999998,
    "pct3ResTime" : 18036.219999999998,
    "throughput" : 5.116398055768739,
    "receivedKBytesPerSec" : 6.523957134177539,
    "sentKBytesPerSec" : 6.135680480941416
  }
}